{
  "train_losses": [
    3.874251859179943,
    3.7713484873950684,
    3.75060819684442,
    3.7414203996137547,
    3.7340293854169877,
    3.728606305431587,
    3.723206653123016,
    3.7178600168065405,
    3.715324269219877,
    3.711528579529642,
    3.7082001324806604,
    3.704904532269813,
    3.7020091143891265,
    3.7011399492875707,
    3.698010835224451,
    3.6945925214591693,
    3.694934323786062,
    3.692087605137874,
    3.6904526794322927,
    3.6893521055019756,
    3.688413633014562,
    3.688002170149377,
    3.6871424075279626,
    3.6866020745384813,
    3.6853087566818394
  ],
  "config": {
    "mimic_waveform_path": "C:/Users/ANT-PC/Documents/PROJECT-AARYAN/CAPSTONE-100-ALTERNATE/dataset/extracted/uploads/mimic_data",
    "mimic_clinical_path": "C:/Users/ANT-PC/Documents/PROJECT-AARYAN/CAPSTONE-100-ALTERNATE/dataset/extracted/uploads/physionet.org/files/mimiciii/1.4",
    "output_dir": "production_medium",
    "segment_length_sec": 10,
    "sampling_rate": 125,
    "filter_low": 0.5,
    "filter_high": 40.0,
    "overlap_ratio": 0.0,
    "batch_size": 128,
    "learning_rate": 0.0003,
    "num_epochs": 25,
    "embedding_dim": 256,
    "hidden_dims": [
      64,
      128,
      256,
      512
    ],
    "temperature": 0.1,
    "max_patients": 100,
    "max_segments_per_patient": 1000,
    "min_segments_per_patient": 10,
    "num_workers": 6,
    "device": "cuda",
    "chunk_size": 500,
    "save_frequency": 5
  }
}